timestamp,screenshot_url,status,pastebin_url
2025-12-30 19:31:07,https://i.ibb.co/5gShtbch/ff462beef387.png,success,
2025-12-30 19:37:01,https://i.ibb.co/YTLYM4Bp/e313db58f645.png,success,
2025-12-30 19:38:47,https://i.ibb.co/DHG6gzzx/dfde802dc31e.png,success,
2025-12-30 19:39:14,https://i.ibb.co/DHG6gzzx/dfde802dc31e.png,success,
2025-12-30 19:40:09,https://i.ibb.co/DHG6gzzx/dfde802dc31e.png,success,
2025-12-30 19:40:31,https://i.ibb.co/DHG6gzzx/dfde802dc31e.png,success,
2025-12-30 19:40:45,https://i.ibb.co/DHG6gzzx/dfde802dc31e.png,success,
2025-12-30 19:42:20,https://i.ibb.co/DHG6gzzx/dfde802dc31e.png,success,
2025-12-30 19:42:22,https://i.ibb.co/DHG6gzzx/dfde802dc31e.png,success,
2025-12-30 19:44:02,https://i.ibb.co/DHG6gzzx/dfde802dc31e.png,success,
2025-12-30 19:44:44,https://i.ibb.co/DHG6gzzx/dfde802dc31e.png,success,
2025-12-30 19:44:47,https://i.ibb.co/DHG6gzzx/dfde802dc31e.png,success,
2025-12-30 19:46:55,https://i.ibb.co/DHG6gzzx/dfde802dc31e.png,success,
2025-12-30 19:47:29,https://i.ibb.co/DHG6gzzx/dfde802dc31e.png,success,
2025-12-30 19:49:11,https://i.ibb.co/DHG6gzzx/dfde802dc31e.png,success,
2025-12-30 19:49:18,https://i.ibb.co/DHG6gzzx/dfde802dc31e.png,success,
2025-12-30 19:54:44,https://i.ibb.co/YTLYM4Bp/e313db58f645.png,success,
2026-01-03 16:12:27,N/A,Failed - Number cancelled due to OTP timeout,https://pastebin.com/L37TDxgA
2026-01-03 16:27:54,N/A,Failed - Number cancelled due to OTP timeout,https://pastebin.com/b8vmChWY
2026-01-03 16:35:00,N/A,Failed - Number cancelled due to OTP timeout,https://pastebin.com/jSsh2d54
2026-01-03 16:41:27,N/A,Failed - Number cancelled due to OTP timeout,https://pastebin.com/yuPEDHBM
